firmware,pc,disasm,targets
blinky-o0.elf,0x26c,blx r3,
blinky-o0.elf,0x274,blx r3,
blinky-o0.elf,0x5cc,blx r3,
blinky-o0.elf,0xed8,blx r3,
blinky-o0.elf,0xf20,blx r3,
blinky-o0.elf,0xf2a,blx r3,
blinky-o0.elf,0xf5a,blx r3,
blinky-o0.elf,0x10aa,blx r2,
blinky-o0.elf,0x10ce,blx r2,
blinky-o0.elf,0x10d4,blx r2,
blinky-o1.elf,0x26c,blx r3,
blinky-o1.elf,0x274,blx r3,
blinky-o1.elf,0x3ac,blx r5,
blinky-o1.elf,0x748,blx r3,
blinky-o1.elf,0x790,blx r3,
blinky-o1.elf,0x79a,blx r3,
blinky-o1.elf,0x7ca,blx r3,
blinky-o1.elf,0x91a,blx r2,
blinky-o1.elf,0x93e,blx r2,
blinky-o1.elf,0x944,blx r2,
blinky-o2.elf,0x26c,blx r3,
blinky-o2.elf,0x274,blx r3,
blinky-o2.elf,0x38e,blx r5,
blinky-o2.elf,0x75c,blx r3,
blinky-o2.elf,0x7a4,blx r3,
blinky-o2.elf,0x7ae,blx r3,
blinky-o2.elf,0x7de,blx r3,
blinky-o2.elf,0x92e,blx r2,
blinky-o2.elf,0x952,blx r2,
blinky-o2.elf,0x958,blx r2,
blinky-o3.elf,0x26c,blx r3,
blinky-o3.elf,0x274,blx r3,
blinky-o3.elf,0x38a,blx r5,
blinky-o3.elf,0x748,blx r3,
blinky-o3.elf,0x790,blx r3,
blinky-o3.elf,0x79a,blx r3,
blinky-o3.elf,0x7ca,blx r3,
blinky-o3.elf,0x91a,blx r2,
blinky-o3.elf,0x93e,blx r2,
blinky-o3.elf,0x944,blx r2,
gpiote-o0.elf,0x26c,blx r3,
gpiote-o0.elf,0x274,blx r3,
gpiote-o0.elf,0xeb8,blx r3,
gpiote-o0.elf,0xfb2,blx r3,
gpiote-o0.elf,0x17c6,blx r3,
gpiote-o0.elf,0x2230,blx r3,
gpiote-o0.elf,0x2278,blx r3,
gpiote-o0.elf,0x2282,blx r3,
gpiote-o0.elf,0x22b2,blx r3,
gpiote-o0.elf,0x2402,blx r2,
gpiote-o0.elf,0x2426,blx r2,
gpiote-o0.elf,0x242c,blx r2,
gpiote-o1.elf,0x26c,blx r3,
gpiote-o1.elf,0x274,blx r3,
gpiote-o1.elf,0x5fe,blx r3,
gpiote-o1.elf,0x694,blx r3,
gpiote-o1.elf,0x95c,blx r3,
gpiote-o1.elf,0xdcc,blx r3,
gpiote-o1.elf,0xe14,blx r3,
gpiote-o1.elf,0xe1e,blx r3,
gpiote-o1.elf,0xe4e,blx r3,
gpiote-o1.elf,0xf9e,blx r2,
gpiote-o1.elf,0xfc2,blx r2,
gpiote-o1.elf,0xfc8,blx r2,
gpiote-o2.elf,0x26c,blx r3,
gpiote-o2.elf,0x274,blx r3,
gpiote-o2.elf,0x5a4,blx r2,
gpiote-o2.elf,0x674,blx r3,
gpiote-o2.elf,0x67c,blx r3,
gpiote-o2.elf,0x684,blx r3,
gpiote-o2.elf,0x934,blx r3,
gpiote-o2.elf,0xddc,blx r3,
gpiote-o2.elf,0xe24,blx r3,
gpiote-o2.elf,0xe2e,blx r3,
gpiote-o2.elf,0xe5e,blx r3,
gpiote-o2.elf,0xfae,blx r2,
gpiote-o2.elf,0xfd2,blx r2,
gpiote-o2.elf,0xfd8,blx r2,
gpiote-o3.elf,0x26c,blx r3,
gpiote-o3.elf,0x274,blx r3,
gpiote-o3.elf,0x65e,blx r2,
gpiote-o3.elf,0x708,blx r3,
gpiote-o3.elf,0xaac,blx r3,
gpiote-o3.elf,0xf44,blx r3,
gpiote-o3.elf,0xf8c,blx r3,
gpiote-o3.elf,0xf96,blx r3,
gpiote-o3.elf,0xfc6,blx r3,
gpiote-o3.elf,0x1116,blx r2,
gpiote-o3.elf,0x113a,blx r2,
gpiote-o3.elf,0x1140,blx r2,
i2s-o0.elf,0x26c,blx r3,
i2s-o0.elf,0x274,blx r3,
i2s-o0.elf,0x6a8,blx r3,
i2s-o0.elf,0x6c2,blx r3,
i2s-o0.elf,0x1b98,blx r3,
i2s-o0.elf,0x25d2,blx r3,
i2s-o0.elf,0x2622,blx r3,
i2s-o0.elf,0x2f96,blx r3,
i2s-o0.elf,0x2fa0,blx r3,
i2s-o0.elf,0x3064,blx r3,
i2s-o0.elf,0x30a6,blx r3,
i2s-o0.elf,0x30c8,blx r3,
i2s-o0.elf,0x3be0,blx r3,
i2s-o0.elf,0x3c16,blx r3,
i2s-o0.elf,0x3caa,blx r3,
i2s-o0.elf,0x48aa,blx r3,
i2s-o0.elf,0x48e0,blx r3,
i2s-o0.elf,0x4946,blx r3,
i2s-o0.elf,0x4ab0,blx r3,
i2s-o0.elf,0x57d0,blx r3,
i2s-o0.elf,0x5818,blx r3,
i2s-o0.elf,0x5822,blx r3,
i2s-o0.elf,0x5852,blx r3,
i2s-o0.elf,0x59ce,blx r2,
i2s-o0.elf,0x59f2,blx r2,
i2s-o0.elf,0x59f8,blx r2,
i2s-o1.elf,0x26c,blx r3,
i2s-o1.elf,0x274,blx r3,
i2s-o1.elf,0x6f8,blx r3,
i2s-o1.elf,0x8b0,blx r3,
i2s-o1.elf,0x10d6,blx r3,
i2s-o1.elf,0x1706,blx r3,
i2s-o1.elf,0x173e,blx r3,
i2s-o1.elf,0x1b14,blx r3,
i2s-o1.elf,0x1b1e,blx r3,
i2s-o1.elf,0x1b8a,blx r3,
i2s-o1.elf,0x1bbc,blx r3,
i2s-o1.elf,0x1bce,blx r3,
i2s-o1.elf,0x1ca2,blx r3,
i2s-o1.elf,0x1d12,blx r2,
i2s-o1.elf,0x1e08,blx r2,
i2s-o1.elf,0x2178,blx r3,
i2s-o1.elf,0x21c4,blx r2,
i2s-o1.elf,0x22ba,blx r2,
i2s-o1.elf,0x22d8,blx r2,
i2s-o1.elf,0x293c,blx r8,
i2s-o1.elf,0x2d40,blx r3,
i2s-o1.elf,0x2d88,blx r3,
i2s-o1.elf,0x2d92,blx r3,
i2s-o1.elf,0x2dc2,blx r3,
i2s-o1.elf,0x2f3e,blx r2,
i2s-o1.elf,0x2f62,blx r2,
i2s-o1.elf,0x2f68,blx r2,
i2s-o2.elf,0x26c,blx r3,
i2s-o2.elf,0x274,blx r3,
i2s-o2.elf,0x776,blx r3,
i2s-o2.elf,0x898,blx r3,
i2s-o2.elf,0x10ba,blx r3,
i2s-o2.elf,0x1906,blx r3,
i2s-o2.elf,0x193a,blx r3,
i2s-o2.elf,0x1d2c,blx r3,
i2s-o2.elf,0x1d34,blx r3,
i2s-o2.elf,0x1da8,blx r3,
i2s-o2.elf,0x1e7e,blx r4,
i2s-o2.elf,0x1ef8,blx r2,
i2s-o2.elf,0x1f64,blx r4,
i2s-o2.elf,0x1f92,blx r2,
i2s-o2.elf,0x1fd6,blx r2,
i2s-o2.elf,0x2372,blx r3,
i2s-o2.elf,0x2422,blx r3,
i2s-o2.elf,0x2440,blx r3,
i2s-o2.elf,0x245a,blx r3,
i2s-o2.elf,0x2476,blx r3,
i2s-o2.elf,0x248e,blx r3,
i2s-o2.elf,0x2b0e,blx r8,
i2s-o2.elf,0x2f24,blx r3,
i2s-o2.elf,0x2f6c,blx r3,
i2s-o2.elf,0x2f76,blx r3,
i2s-o2.elf,0x2fa6,blx r3,
i2s-o2.elf,0x3122,blx r2,
i2s-o2.elf,0x3146,blx r2,
i2s-o2.elf,0x314c,blx r2,
i2s-o3.elf,0x26c,blx r3,
i2s-o3.elf,0x274,blx r3,
i2s-o3.elf,0x714,blx r3,
i2s-o3.elf,0x7f2,blx r3,
i2s-o3.elf,0x10ee,blx r3,
i2s-o3.elf,0x19e2,blx r3,
i2s-o3.elf,0x1a16,blx r3,
i2s-o3.elf,0x1e08,blx r3,
i2s-o3.elf,0x1e10,blx r3,
i2s-o3.elf,0x1e84,blx r3,
i2s-o3.elf,0x1f60,blx r2,
i2s-o3.elf,0x1fda,blx r2,
i2s-o3.elf,0x2046,blx r4,
i2s-o3.elf,0x2074,blx r2,
i2s-o3.elf,0x20b8,blx r2,
i2s-o3.elf,0x2466,blx r3,
i2s-o3.elf,0x24da,blx r3,
i2s-o3.elf,0x252c,blx r3,
i2s-o3.elf,0x2546,blx r3,
i2s-o3.elf,0x256a,blx r3,
i2s-o3.elf,0x2582,blx r3,
i2s-o3.elf,0x2b80,blx r10,
i2s-o3.elf,0x3048,blx r3,
i2s-o3.elf,0x3090,blx r3,
i2s-o3.elf,0x309a,blx r3,
i2s-o3.elf,0x30ca,blx r3,
i2s-o3.elf,0x3246,blx r2,
i2s-o3.elf,0x326a,blx r2,
i2s-o3.elf,0x3270,blx r2,
saadc-o0.elf,0x26c,blx r3,
saadc-o0.elf,0x274,blx r3,
saadc-o0.elf,0x30c,blx r3,
saadc-o0.elf,0x5c0,blx r3,
saadc-o0.elf,0x5da,blx r3,
saadc-o0.elf,0x5f4,blx r3,
saadc-o0.elf,0x17e0,blx r3,
saadc-o0.elf,0x25c8,blx r3,
saadc-o0.elf,0x2992,blx r3,
saadc-o0.elf,0x2a96,blx r3,
saadc-o0.elf,0x2b38,blx r3,
saadc-o0.elf,0x3322,blx r3,
saadc-o0.elf,0x4310,blx r3,
saadc-o0.elf,0x4358,blx r3,
saadc-o0.elf,0x4362,blx r3,
saadc-o0.elf,0x4392,blx r3,
saadc-o0.elf,0x451e,blx r2,
saadc-o0.elf,0x4542,blx r2,
saadc-o0.elf,0x4548,blx r2,
saadc-o1.elf,0x26c,blx r3,
saadc-o1.elf,0x274,blx r3,
saadc-o1.elf,0x34a,blx r9,
saadc-o1.elf,0x664,blx r3,
saadc-o1.elf,0x81c,blx r3,
saadc-o1.elf,0xa5e,blx r3,
saadc-o1.elf,0xea6,blx r3,
saadc-o1.elf,0x161a,blx r3,
saadc-o1.elf,0x174e,blx r3,
saadc-o1.elf,0x1784,blx r3,
saadc-o1.elf,0x17be,blx r3,
saadc-o1.elf,0x1c40,blx r3,
saadc-o1.elf,0x234c,blx r3,
saadc-o1.elf,0x2394,blx r3,
saadc-o1.elf,0x239e,blx r3,
saadc-o1.elf,0x23ce,blx r3,
saadc-o1.elf,0x255a,blx r2,
saadc-o1.elf,0x257e,blx r2,
saadc-o1.elf,0x2584,blx r2,
saadc-o2.elf,0x26c,blx r3,
saadc-o2.elf,0x274,blx r3,
saadc-o2.elf,0x342,blx r9,
saadc-o2.elf,0x6be,blx r3,
saadc-o2.elf,0x7e0,blx r3,
saadc-o2.elf,0xa1c,blx r3,
saadc-o2.elf,0xe86,blx r3,
saadc-o2.elf,0x186a,blx r3,
saadc-o2.elf,0x189a,blx r3,
saadc-o2.elf,0x1954,blx r2,
saadc-o2.elf,0x1e08,blx r3,
saadc-o2.elf,0x2580,blx r3,
saadc-o2.elf,0x25c8,blx r3,
saadc-o2.elf,0x25d2,blx r3,
saadc-o2.elf,0x2602,blx r3,
saadc-o2.elf,0x278e,blx r2,
saadc-o2.elf,0x27b2,blx r2,
saadc-o2.elf,0x27b8,blx r2,
saadc-o3.elf,0x26c,blx r3,
saadc-o3.elf,0x274,blx r3,
saadc-o3.elf,0x342,blx r9,
saadc-o3.elf,0x65c,blx r3,
saadc-o3.elf,0x73a,blx r3,
saadc-o3.elf,0xa00,blx r3,
saadc-o3.elf,0xe6a,blx r3,
saadc-o3.elf,0x18f6,blx r3,
saadc-o3.elf,0x1926,blx r3,
saadc-o3.elf,0x19e0,blx r2,
saadc-o3.elf,0x1e90,blx r3,
saadc-o3.elf,0x267c,blx r3,
saadc-o3.elf,0x26c4,blx r3,
saadc-o3.elf,0x26ce,blx r3,
saadc-o3.elf,0x26fe,blx r3,
saadc-o3.elf,0x288a,blx r2,
saadc-o3.elf,0x28ae,blx r2,
saadc-o3.elf,0x28b4,blx r2,
simple_timer-o0.elf,0x26c,blx r3,
simple_timer-o0.elf,0x274,blx r3,
simple_timer-o0.elf,0x628,blx r3,
simple_timer-o0.elf,0x7ae,blx r3,
simple_timer-o0.elf,0xba0,blx r3,
simple_timer-o0.elf,0xc9a,blx r3,
simple_timer-o0.elf,0x125a,blx r3,
simple_timer-o0.elf,0x12b0,blx r3,
simple_timer-o0.elf,0x1db4,blx r3,
simple_timer-o0.elf,0x1dfc,blx r3,
simple_timer-o0.elf,0x1e06,blx r3,
simple_timer-o0.elf,0x1e36,blx r3,
simple_timer-o0.elf,0x1f86,blx r2,
simple_timer-o0.elf,0x1faa,blx r2,
simple_timer-o0.elf,0x1fb0,blx r2,
simple_timer-o1.elf,0x26c,blx r3,
simple_timer-o1.elf,0x274,blx r3,
simple_timer-o1.elf,0x3de,blx r3,
simple_timer-o1.elf,0x512,blx r3,
simple_timer-o1.elf,0x5c8,blx r3,
simple_timer-o1.elf,0x5e8,blx r3,
simple_timer-o1.elf,0x87c,blx r3,
simple_timer-o1.elf,0x9a2,blx r5,
simple_timer-o1.elf,0x9e4,blx r5,
simple_timer-o1.elf,0xa26,blx r5,
simple_timer-o1.elf,0xdcc,blx r3,
simple_timer-o1.elf,0xe14,blx r3,
simple_timer-o1.elf,0xe1e,blx r3,
simple_timer-o1.elf,0xe4e,blx r3,
simple_timer-o1.elf,0xf9e,blx r2,
simple_timer-o1.elf,0xfc2,blx r2,
simple_timer-o1.elf,0xfc8,blx r2,
simple_timer-o2.elf,0x26c,blx r3,
simple_timer-o2.elf,0x274,blx r3,
simple_timer-o2.elf,0x59a,blx r2,
simple_timer-o2.elf,0x678,blx r3,
simple_timer-o2.elf,0x680,blx r3,
simple_timer-o2.elf,0x87c,blx r3,
simple_timer-o2.elf,0x916,blx r6,
simple_timer-o2.elf,0xa14,blx r5,
simple_timer-o2.elf,0xa54,blx r5,
simple_timer-o2.elf,0xe9c,blx r3,
simple_timer-o2.elf,0xee4,blx r3,
simple_timer-o2.elf,0xeee,blx r3,
simple_timer-o2.elf,0xf1e,blx r3,
simple_timer-o2.elf,0x106e,blx r2,
simple_timer-o2.elf,0x1092,blx r2,
simple_timer-o2.elf,0x1098,blx r2,
simple_timer-o3.elf,0x26c,blx r3,
simple_timer-o3.elf,0x274,blx r3,
simple_timer-o3.elf,0x602,blx r2,
simple_timer-o3.elf,0x936,blx r3,
simple_timer-o3.elf,0x940,blx r3,
simple_timer-o3.elf,0x94a,blx r3,
simple_timer-o3.elf,0x954,blx r3,
simple_timer-o3.elf,0xb30,blx r3,
simple_timer-o3.elf,0xbca,blx r6,
simple_timer-o3.elf,0xcc8,blx r5,
simple_timer-o3.elf,0xd08,blx r5,
simple_timer-o3.elf,0x1140,blx r3,
simple_timer-o3.elf,0x1188,blx r3,
simple_timer-o3.elf,0x1192,blx r3,
simple_timer-o3.elf,0x11c2,blx r3,
simple_timer-o3.elf,0x1312,blx r2,
simple_timer-o3.elf,0x1336,blx r2,
simple_timer-o3.elf,0x133c,blx r2,
spi-o0.elf,0x26c,blx r3,
spi-o0.elf,0x274,blx r3,
spi-o0.elf,0x6a8,blx r3,
spi-o0.elf,0x6c2,blx r3,
spi-o0.elf,0x6dc,blx r3,
spi-o0.elf,0x1a1a,blx r3,
spi-o0.elf,0x1cbe,blx r3,
spi-o0.elf,0x26fe,blx r3,
spi-o0.elf,0x27f2,blx r3,
spi-o0.elf,0x2842,blx r3,
spi-o0.elf,0x2d04,blx r3,
spi-o0.elf,0x2dfe,blx r3,
spi-o0.elf,0x2e30,blx r3,
spi-o0.elf,0x35ba,blx r3,
spi-o0.elf,0x428c,blx r3,
spi-o0.elf,0x42c2,blx r3,
spi-o0.elf,0x4356,blx r3,
spi-o0.elf,0x4f56,blx r3,
spi-o0.elf,0x4f8c,blx r3,
spi-o0.elf,0x4ff2,blx r3,
spi-o0.elf,0x515c,blx r3,
spi-o0.elf,0x5bf8,blx r3,
spi-o0.elf,0x5c40,blx r3,
spi-o0.elf,0x5c4a,blx r3,
spi-o0.elf,0x5c7a,blx r3,
spi-o0.elf,0x5df6,blx r2,
spi-o0.elf,0x5e1a,blx r2,
spi-o0.elf,0x5e20,blx r2,
spi-o1.elf,0x26c,blx r3,
spi-o1.elf,0x274,blx r3,
spi-o1.elf,0x6f8,blx r3,
spi-o1.elf,0x8b0,blx r3,
spi-o1.elf,0xb46,blx r3,
spi-o1.elf,0xf06,blx r3,
spi-o1.elf,0x1046,blx r3,
spi-o1.elf,0x167c,blx r3,
spi-o1.elf,0x1742,blx r3,
spi-o1.elf,0x177a,blx r3,
spi-o1.elf,0x18a8,blx r3,
spi-o1.elf,0x18c8,blx r3,
spi-o1.elf,0x197e,blx r3,
spi-o1.elf,0x1a2a,blx r2,
spi-o1.elf,0x1e16,blx r3,
spi-o1.elf,0x1e86,blx r2,
spi-o1.elf,0x1f7c,blx r2,
spi-o1.elf,0x22ec,blx r3,
spi-o1.elf,0x2338,blx r2,
spi-o1.elf,0x242e,blx r2,
spi-o1.elf,0x244c,blx r2,
spi-o1.elf,0x292e,blx r6,
spi-o1.elf,0x2d18,blx r3,
spi-o1.elf,0x2d60,blx r3,
spi-o1.elf,0x2d6a,blx r3,
spi-o1.elf,0x2d9a,blx r3,
spi-o1.elf,0x2f16,blx r2,
spi-o1.elf,0x2f3a,blx r2,
spi-o1.elf,0x2f40,blx r2,
spi-o2.elf,0x26c,blx r3,
spi-o2.elf,0x274,blx r3,
spi-o2.elf,0x776,blx r3,
spi-o2.elf,0x898,blx r3,
spi-o2.elf,0xb1c,blx r3,
spi-o2.elf,0x101e,blx r3,
spi-o2.elf,0x1870,blx r3,
spi-o2.elf,0x191a,blx r3,
spi-o2.elf,0x194e,blx r3,
spi-o2.elf,0x1a52,blx r2,
spi-o2.elf,0x1b30,blx r3,
spi-o2.elf,0x1b38,blx r3,
spi-o2.elf,0x1fd2,blx r4,
spi-o2.elf,0x204c,blx r2,
spi-o2.elf,0x20b8,blx r4,
spi-o2.elf,0x20e6,blx r2,
spi-o2.elf,0x212a,blx r2,
spi-o2.elf,0x24c6,blx r3,
spi-o2.elf,0x2576,blx r3,
spi-o2.elf,0x2594,blx r3,
spi-o2.elf,0x25ae,blx r3,
spi-o2.elf,0x25ca,blx r3,
spi-o2.elf,0x25e2,blx r3,
spi-o2.elf,0x2ab0,blx r6,
spi-o2.elf,0x2eb8,blx r3,
spi-o2.elf,0x2f00,blx r3,
spi-o2.elf,0x2f0a,blx r3,
spi-o2.elf,0x2f3a,blx r3,
spi-o2.elf,0x30b6,blx r2,
spi-o2.elf,0x30da,blx r2,
spi-o2.elf,0x30e0,blx r2,
spi-o3.elf,0x26c,blx r3,
spi-o3.elf,0x274,blx r3,
spi-o3.elf,0x714,blx r3,
spi-o3.elf,0x7f2,blx r3,
spi-o3.elf,0xb0c,blx r3,
spi-o3.elf,0x100a,blx r3,
spi-o3.elf,0x1904,blx r3,
spi-o3.elf,0x19ae,blx r3,
spi-o3.elf,0x19e2,blx r3,
spi-o3.elf,0x1b52,blx r2,
spi-o3.elf,0x1e86,blx r3,
spi-o3.elf,0x1e90,blx r3,
spi-o3.elf,0x1e9a,blx r3,
spi-o3.elf,0x1ea4,blx r3,
spi-o3.elf,0x2320,blx r2,
spi-o3.elf,0x239a,blx r2,
spi-o3.elf,0x2406,blx r4,
spi-o3.elf,0x2434,blx r2,
spi-o3.elf,0x2478,blx r2,
spi-o3.elf,0x2826,blx r3,
spi-o3.elf,0x289a,blx r3,
spi-o3.elf,0x28ec,blx r3,
spi-o3.elf,0x2906,blx r3,
spi-o3.elf,0x292a,blx r3,
spi-o3.elf,0x2942,blx r3,
spi-o3.elf,0x2e18,blx r6,
spi-o3.elf,0x3210,blx r3,
spi-o3.elf,0x3258,blx r3,
spi-o3.elf,0x3262,blx r3,
spi-o3.elf,0x3292,blx r3,
spi-o3.elf,0x340e,blx r2,
spi-o3.elf,0x3432,blx r2,
spi-o3.elf,0x3438,blx r2,
timer-o0.elf,0x26c,blx r3,
timer-o0.elf,0x274,blx r3,
timer-o0.elf,0xb6e,blx r3,
timer-o0.elf,0x15ec,blx r3,
timer-o0.elf,0x1634,blx r3,
timer-o0.elf,0x163e,blx r3,
timer-o0.elf,0x166e,blx r3,
timer-o0.elf,0x17be,blx r2,
timer-o0.elf,0x17e2,blx r2,
timer-o0.elf,0x17e8,blx r2,
timer-o1.elf,0x26c,blx r3,
timer-o1.elf,0x274,blx r3,
timer-o1.elf,0x5a8,blx r3,
timer-o1.elf,0x9cc,blx r3,
timer-o1.elf,0xa14,blx r3,
timer-o1.elf,0xa1e,blx r3,
timer-o1.elf,0xa4e,blx r3,
timer-o1.elf,0xb9e,blx r2,
timer-o1.elf,0xbc2,blx r2,
timer-o1.elf,0xbc8,blx r2,
timer-o2.elf,0x26c,blx r3,
timer-o2.elf,0x274,blx r3,
timer-o2.elf,0x580,blx r3,
timer-o2.elf,0x9d8,blx r3,
timer-o2.elf,0xa20,blx r3,
timer-o2.elf,0xa2a,blx r3,
timer-o2.elf,0xa5a,blx r3,
timer-o2.elf,0xbaa,blx r2,
timer-o2.elf,0xbce,blx r2,
timer-o2.elf,0xbd4,blx r2,
timer-o3.elf,0x26c,blx r3,
timer-o3.elf,0x274,blx r3,
timer-o3.elf,0x57c,blx r3,
timer-o3.elf,0x9c4,blx r3,
timer-o3.elf,0xa0c,blx r3,
timer-o3.elf,0xa16,blx r3,
timer-o3.elf,0xa46,blx r3,
timer-o3.elf,0xb96,blx r2,
timer-o3.elf,0xbba,blx r2,
timer-o3.elf,0xbc0,blx r2,
twi_sensor-o0.elf,0x26c,blx r3,
twi_sensor-o0.elf,0x274,blx r3,
twi_sensor-o0.elf,0x6a8,blx r3,
twi_sensor-o0.elf,0x6c2,blx r3,
twi_sensor-o0.elf,0x6dc,blx r3,
twi_sensor-o0.elf,0x18c8,blx r3,
twi_sensor-o0.elf,0x22e4,blx r3,
twi_sensor-o0.elf,0x2516,blx r3,
twi_sensor-o0.elf,0x25d2,blx r3,
twi_sensor-o0.elf,0x2622,blx r3,
twi_sensor-o0.elf,0x2708,blx r3,
twi_sensor-o0.elf,0x3654,blx r3,
twi_sensor-o0.elf,0x40d4,blx r3,
twi_sensor-o0.elf,0x410a,blx r3,
twi_sensor-o0.elf,0x419e,blx r3,
twi_sensor-o0.elf,0x4d9e,blx r3,
twi_sensor-o0.elf,0x4dd4,blx r3,
twi_sensor-o0.elf,0x4e3a,blx r3,
twi_sensor-o0.elf,0x4fa4,blx r3,
twi_sensor-o0.elf,0x5b2c,blx r3,
twi_sensor-o0.elf,0x5b74,blx r3,
twi_sensor-o0.elf,0x5b7e,blx r3,
twi_sensor-o0.elf,0x5bae,blx r3,
twi_sensor-o0.elf,0x5d2a,blx r2,
twi_sensor-o0.elf,0x5d4e,blx r2,
twi_sensor-o0.elf,0x5d54,blx r2,
twi_sensor-o1.elf,0x26c,blx r3,
twi_sensor-o1.elf,0x274,blx r3,
twi_sensor-o1.elf,0x6f8,blx r3,
twi_sensor-o1.elf,0x8b0,blx r3,
twi_sensor-o1.elf,0xaf2,blx r3,
twi_sensor-o1.elf,0xf3a,blx r3,
twi_sensor-o1.elf,0x157c,blx r3,
twi_sensor-o1.elf,0x1618,blx r8,
twi_sensor-o1.elf,0x1642,blx r8,
twi_sensor-o1.elf,0x1650,blx r8,
twi_sensor-o1.elf,0x166c,blx r8,
twi_sensor-o1.elf,0x16b6,blx r3,
twi_sensor-o1.elf,0x16ee,blx r3,
twi_sensor-o1.elf,0x177a,blx r3,
twi_sensor-o1.elf,0x1a34,blx r2,
twi_sensor-o1.elf,0x1fa0,blx r3,
twi_sensor-o1.elf,0x200e,blx r2,
twi_sensor-o1.elf,0x2104,blx r2,
twi_sensor-o1.elf,0x2474,blx r3,
twi_sensor-o1.elf,0x24c0,blx r2,
twi_sensor-o1.elf,0x25b6,blx r2,
twi_sensor-o1.elf,0x25d4,blx r2,
twi_sensor-o1.elf,0x2b00,blx r7,
twi_sensor-o1.elf,0x2ecc,blx r3,
twi_sensor-o1.elf,0x2f14,blx r3,
twi_sensor-o1.elf,0x2f1e,blx r3,
twi_sensor-o1.elf,0x2f4e,blx r3,
twi_sensor-o1.elf,0x30ca,blx r2,
twi_sensor-o1.elf,0x30ee,blx r2,
twi_sensor-o1.elf,0x30f4,blx r2,
twi_sensor-o2.elf,0x26c,blx r3,
twi_sensor-o2.elf,0x274,blx r3,
twi_sensor-o2.elf,0x776,blx r3,
twi_sensor-o2.elf,0x898,blx r3,
twi_sensor-o2.elf,0xad4,blx r3,
twi_sensor-o2.elf,0xf3e,blx r3,
twi_sensor-o2.elf,0x1796,blx r3,
twi_sensor-o2.elf,0x1834,blx r7,
twi_sensor-o2.elf,0x1854,blx r7,
twi_sensor-o2.elf,0x1868,blx r7,
twi_sensor-o2.elf,0x1884,blx r7,
twi_sensor-o2.elf,0x18ce,blx r3,
twi_sensor-o2.elf,0x1902,blx r3,
twi_sensor-o2.elf,0x1e3c,blx r3,
twi_sensor-o2.elf,0x22da,blx r4,
twi_sensor-o2.elf,0x2354,blx r2,
twi_sensor-o2.elf,0x23c0,blx r4,
twi_sensor-o2.elf,0x23ee,blx r2,
twi_sensor-o2.elf,0x2432,blx r2,
twi_sensor-o2.elf,0x27ce,blx r3,
twi_sensor-o2.elf,0x287e,blx r3,
twi_sensor-o2.elf,0x289c,blx r3,
twi_sensor-o2.elf,0x28b6,blx r3,
twi_sensor-o2.elf,0x28d2,blx r3,
twi_sensor-o2.elf,0x28ea,blx r3,
twi_sensor-o2.elf,0x2df2,blx r6,
twi_sensor-o2.elf,0x3200,blx r3,
twi_sensor-o2.elf,0x3248,blx r3,
twi_sensor-o2.elf,0x3252,blx r3,
twi_sensor-o2.elf,0x3282,blx r3,
twi_sensor-o2.elf,0x33fe,blx r2,
twi_sensor-o2.elf,0x3422,blx r2,
twi_sensor-o2.elf,0x3428,blx r2,
twi_sensor-o3.elf,0x26c,blx r3,
twi_sensor-o3.elf,0x274,blx r3,
twi_sensor-o3.elf,0x714,blx r3,
twi_sensor-o3.elf,0x7f2,blx r3,
twi_sensor-o3.elf,0xab8,blx r3,
twi_sensor-o3.elf,0xf22,blx r3,
twi_sensor-o3.elf,0x1832,blx r3,
twi_sensor-o3.elf,0x18d4,blx r7,
twi_sensor-o3.elf,0x18f4,blx r7,
twi_sensor-o3.elf,0x1908,blx r7,
twi_sensor-o3.elf,0x1924,blx r7,
twi_sensor-o3.elf,0x196e,blx r3,
twi_sensor-o3.elf,0x19a2,blx r3,
twi_sensor-o3.elf,0x1bf0,blx r3,
twi_sensor-o3.elf,0x2238,blx r2,
twi_sensor-o3.elf,0x22b2,blx r2,
twi_sensor-o3.elf,0x231e,blx r4,
twi_sensor-o3.elf,0x234c,blx r2,
twi_sensor-o3.elf,0x2390,blx r2,
twi_sensor-o3.elf,0x273e,blx r3,
twi_sensor-o3.elf,0x27b2,blx r3,
twi_sensor-o3.elf,0x2804,blx r3,
twi_sensor-o3.elf,0x281e,blx r3,
twi_sensor-o3.elf,0x2842,blx r3,
twi_sensor-o3.elf,0x285a,blx r3,
twi_sensor-o3.elf,0x2d7a,blx r6,
twi_sensor-o3.elf,0x3178,blx r3,
twi_sensor-o3.elf,0x31c0,blx r3,
twi_sensor-o3.elf,0x31ca,blx r3,
twi_sensor-o3.elf,0x31fa,blx r3,
twi_sensor-o3.elf,0x3376,blx r2,
twi_sensor-o3.elf,0x339a,blx r2,
twi_sensor-o3.elf,0x33a0,blx r2,
uart-o0.elf,0x26c,blx r3,
uart-o0.elf,0x274,blx r3,
uart-o0.elf,0x8c2,blx r3,
uart-o0.elf,0x8e0,blx r3,
uart-o0.elf,0x924,blx r3,
uart-o0.elf,0x950,blx r3,
uart-o0.elf,0xc6a,blx r3,
uart-o0.elf,0xcba,blx r3,
uart-o0.elf,0xda0,blx r3,
uart-o0.elf,0x1822,blx r3,
uart-o0.elf,0x1858,blx r3,
uart-o0.elf,0x18ec,blx r3,
uart-o0.elf,0x2432,blx r3,
uart-o0.elf,0x2468,blx r3,
uart-o0.elf,0x24ce,blx r3,
uart-o0.elf,0x2f98,blx r3,
uart-o0.elf,0x3100,blx r8,
uart-o0.elf,0x3278,blx r3,
uart-o0.elf,0x3282,blx r3,
uart-o0.elf,0x32b2,blx r3,
uart-o0.elf,0x3402,blx r2,
uart-o0.elf,0x3426,blx r2,
uart-o0.elf,0x342c,blx r2,
uart-o0.elf,0x38fc,blx r8,
uart-o0.elf,0x393a,blx r8,
uart-o0.elf,0x396c,blx r8,
uart-o0.elf,0x3b76,blx r10,
uart-o0.elf,0x3b96,blx r10,
uart-o0.elf,0x3c0e,blx r6,
uart-o0.elf,0x3c5a,blx r6,
uart-o0.elf,0x3ca6,blx r6,
uart-o1.elf,0x26c,blx r3,
uart-o1.elf,0x274,blx r3,
uart-o1.elf,0x480,blx r3,
uart-o1.elf,0x4ae,blx r3,
uart-o1.elf,0x4f8,blx r3,
uart-o1.elf,0x51e,blx r3,
uart-o1.elf,0x7ba,blx r3,
uart-o1.elf,0x7f2,blx r3,
uart-o1.elf,0x87e,blx r3,
uart-o1.elf,0x964,blx r3,
uart-o1.elf,0x9d2,blx r2,
uart-o1.elf,0xac8,blx r2,
uart-o1.elf,0xe78,blx r3,
uart-o1.elf,0xec4,blx r2,
uart-o1.elf,0xfba,blx r2,
uart-o1.elf,0xfd8,blx r2,
uart-o1.elf,0x1814,blx r3,
uart-o1.elf,0x197c,blx r8,
uart-o1.elf,0x1af4,blx r3,
uart-o1.elf,0x1afe,blx r3,
uart-o1.elf,0x1b2e,blx r3,
uart-o1.elf,0x1c7e,blx r2,
uart-o1.elf,0x1ca2,blx r2,
uart-o1.elf,0x1ca8,blx r2,
uart-o1.elf,0x2178,blx r8,
uart-o1.elf,0x21b6,blx r8,
uart-o1.elf,0x21e8,blx r8,
uart-o1.elf,0x23f2,blx r10,
uart-o1.elf,0x2412,blx r10,
uart-o1.elf,0x248a,blx r6,
uart-o1.elf,0x24d6,blx r6,
uart-o1.elf,0x2522,blx r6,
uart-o2.elf,0x26c,blx r3,
uart-o2.elf,0x274,blx r3,
uart-o2.elf,0x44e,blx r3,
uart-o2.elf,0x47c,blx r3,
uart-o2.elf,0x4a6,blx r3,
uart-o2.elf,0x500,blx r3,
uart-o2.elf,0x766,blx r3,
uart-o2.elf,0x79a,blx r3,
uart-o2.elf,0x8c2,blx r4,
uart-o2.elf,0x93c,blx r2,
uart-o2.elf,0x9a8,blx r4,
uart-o2.elf,0x9d6,blx r2,
uart-o2.elf,0xa1a,blx r2,
uart-o2.elf,0xe4e,blx r3,
uart-o2.elf,0xefe,blx r3,
uart-o2.elf,0xf1c,blx r3,
uart-o2.elf,0xf36,blx r3,
uart-o2.elf,0xf52,blx r3,
uart-o2.elf,0xf6a,blx r3,
uart-o2.elf,0x17a8,blx r3,
uart-o2.elf,0x1910,blx r8,
uart-o2.elf,0x1a88,blx r3,
uart-o2.elf,0x1a92,blx r3,
uart-o2.elf,0x1ac2,blx r3,
uart-o2.elf,0x1c12,blx r2,
uart-o2.elf,0x1c36,blx r2,
uart-o2.elf,0x1c3c,blx r2,
uart-o2.elf,0x210c,blx r8,
uart-o2.elf,0x214a,blx r8,
uart-o2.elf,0x217c,blx r8,
uart-o2.elf,0x2386,blx r10,
uart-o2.elf,0x23a6,blx r10,
uart-o2.elf,0x241e,blx r6,
uart-o2.elf,0x246a,blx r6,
uart-o2.elf,0x24b6,blx r6,
uart-o3.elf,0x26c,blx r3,
uart-o3.elf,0x274,blx r3,
uart-o3.elf,0x44a,blx r3,
uart-o3.elf,0x478,blx r3,
uart-o3.elf,0x4a2,blx r3,
uart-o3.elf,0x4fc,blx r3,
uart-o3.elf,0x762,blx r3,
uart-o3.elf,0x796,blx r3,
uart-o3.elf,0x8c0,blx r2,
uart-o3.elf,0x93a,blx r2,
uart-o3.elf,0x9a6,blx r4,
uart-o3.elf,0x9d4,blx r2,
uart-o3.elf,0xa18,blx r2,
uart-o3.elf,0xe5e,blx r3,
uart-o3.elf,0xed2,blx r3,
uart-o3.elf,0xf24,blx r3,
uart-o3.elf,0xf3e,blx r3,
uart-o3.elf,0xf62,blx r3,
uart-o3.elf,0xf7a,blx r3,
uart-o3.elf,0x17b0,blx r3,
uart-o3.elf,0x1918,blx r8,
uart-o3.elf,0x1a90,blx r3,
uart-o3.elf,0x1a9a,blx r3,
uart-o3.elf,0x1aca,blx r3,
uart-o3.elf,0x1c1a,blx r2,
uart-o3.elf,0x1c3e,blx r2,
uart-o3.elf,0x1c44,blx r2,
uart-o3.elf,0x2114,blx r8,
uart-o3.elf,0x2152,blx r8,
uart-o3.elf,0x2184,blx r8,
uart-o3.elf,0x238e,blx r10,
uart-o3.elf,0x23ae,blx r10,
uart-o3.elf,0x2426,blx r6,
uart-o3.elf,0x2472,blx r6,
uart-o3.elf,0x24be,blx r6,
chargehr_18_128.bin,0x80023a6,blx r4,
chargehr_18_128.bin,0x80029d0,blx r3,
chargehr_18_128.bin,0x80029de,blx r1,
chargehr_18_128.bin,0x8002a32,blx r12,
chargehr_18_128.bin,0x8002a56,blx r3,
chargehr_18_128.bin,0x8002b66,blx r3,
chargehr_18_128.bin,0x8002b98,blx r1,
chargehr_18_128.bin,0x8002bec,blx r12,
chargehr_18_128.bin,0x8002c54,blx r3,
chargehr_18_128.bin,0x8002cac,blx r12,
chargehr_18_128.bin,0x8002f62,blx r6,
chargehr_18_128.bin,0x8003410,blx r0,
chargehr_18_128.bin,0x8004572,blx r0,
chargehr_18_128.bin,0x8007680,blx r1,
chargehr_18_128.bin,0x8007f58,blx r0,
chargehr_18_128.bin,0x800869c,blx r1,
chargehr_18_128.bin,0x800871e,blx r0,
chargehr_18_128.bin,0x801afaa,blx r1,
chargehr_18_128.bin,0x801afbc,blx r0,
chargehr_18_128.bin,0x801b194,blx r1,
chargehr_18_128.bin,0x801b3f8,blx r1,
chargehr_18_128.bin,0x801c840,blx r1,
chargehr_18_128.bin,0x801c8b6,blx r1,
chargehr_18_128.bin,0x801ce72,blx r1,
chargehr_18_128.bin,0x801cee8,blx r1,
chargehr_18_128.bin,0x801df06,blx r9,
chargehr_18_128.bin,0x801e1e8,blx r9,
chargehr_18_128.bin,0x801e20e,blx r9,
chargehr_18_128.bin,0x801e23c,blx r9,
chargehr_18_128.bin,0x801e260,blx r9,
chargehr_18_128.bin,0x801e294,blx r9,
chargehr_18_128.bin,0x801e588,blx r4,
chargehr_18_128.bin,0x801e5d2,blx r4,
chargehr_18_128.bin,0x801e656,blx r4,
chargehr_18_128.bin,0x801e7bc,blx r12,
chargehr_18_128.bin,0x801e9aa,blx r12,
chargehr_18_128.bin,0x801ea6e,blx r4,
chargehr_18_128.bin,0x801eb9a,blx r12,
chargehr_18_128.bin,0x801ec2e,blx r12,
chargehr_18_128.bin,0x801eca6,blx r4,
chargehr_18_128.bin,0x8021402,blx r2,
chargehr_18_128.bin,0x802866a,blx r0,
chargehr_18_128.bin,0x802a240,blx r1,
chargehr_18_128.bin,0x802a274,blx r1,
chargehr_18_128.bin,0x802a2c6,blx r1,
chargehr_18_128.bin,0x802e260,blx r5,
chargehr_18_128.bin,0x802e294,blx r7,
chargehr_18_128.bin,0x802e3fe,blx r1,
chargehr_18_128.bin,0x802e432,blx r4,
chargehr_18_128.bin,0x802e46e,blx r5,
chargehr_18_128.bin,0x802e52e,blx r5,
chargehr_18_128.bin,0x802e576,blx r4,
chargehr_18_128.bin,0x802e5fa,blx r2,
chargehr_18_128.bin,0x802e684,blx r2,
chargehr_18_128.bin,0x802e8bc,blx r4,
chargehr_18_128.bin,0x802e922,blx r2,
chargehr_18_128.bin,0x8033ec6,blx r5,
chargehr_18_128.bin,0x8033f18,blx r5,
chargehr_18_128.bin,0x8034198,blx r1,
chargehr_18_128.bin,0x80341ac,blx r1,
chargehr_18_128.bin,0x8034252,blx r1,
chargehr_18_128.bin,0x8034264,blx r1,
chargehr_18_128.bin,0x8034302,blx r1,
chargehr_18_128.bin,0x803447e,blx r1,
chargehr_18_128.bin,0x803448c,blx r1,
chargehr_18_128.bin,0x803450c,blx r1,
chargehr_18_128.bin,0x803451a,blx r1,
chargehr_18_128.bin,0x803488e,blx r2,
chargehr_18_128.bin,0x8034ae0,blx r2,
chargehr_18_128.bin,0x8034c48,blx r2,
chargehr_18_128.bin,0x803586e,blx r3,
chargehr_18_128.bin,0x803587c,blx r1,
chargehr_18_128.bin,0x80358d0,blx r12,
chargehr_18_128.bin,0x80358f4,blx r3,
chargehr_18_128.bin,0x8035a04,blx r3,
chargehr_18_128.bin,0x8035a36,blx r1,
chargehr_18_128.bin,0x8035a8a,blx r12,
chargehr_18_128.bin,0x8035af2,blx r3,
chargehr_18_128.bin,0x8035b4a,blx r12,
chargehr_18_128.bin,0x8035c56,blx r5,
chargehr_18_128.bin,0x8035c7c,blx r5,
chargehr_18_128.bin,0x8035d6e,blx r6,
chargehr_18_128.bin,0x8035f72,blx r3,
chargehr_18_128.bin,0x8036666,blx r4,
chargehr_18_128.bin,0x8036686,blx r4,
chargehr_18_128.bin,0x80366ca,blx r4,
chargehr_18_128.bin,0x80366e6,blx r4,
chargehr_18_128.bin,0x8036756,blx r4,
chargehr_18_128.bin,0x8036776,blx r4,
chargehr_18_128.bin,0x80367ba,blx r4,
chargehr_18_128.bin,0x80367d2,blx r4,
chargehr_18_128.bin,0x8036862,blx r8,
chargehr_18_128.bin,0x80368aa,blx r8,
chargehr_18_128.bin,0x80368fa,blx r8,
chargehr_18_128.bin,0x803692e,blx r8,
chargehr_18_128.bin,0x803697a,blx r8,
chargehr_18_128.bin,0x80369ae,blx r8,
chargehr_18_128.bin,0x80369d4,blx r8,
chargehr_18_128.bin,0x8036a52,blx r8,
chargehr_18_128.bin,0x8036a64,blx r8,
chargehr_18_128.bin,0x803d594,blx r7,
chargehr_18_128.bin,0x8041c4a,blx r1,
chargehr_18_128.bin,0x8041c90,blx r1,
chargehr_18_128.bin,0x8042134,blx r1,
chargehr_18_128.bin,0x804296a,blx r0,
chargehr_18_128.bin,0x8043d94,blx r1,
chargehr_18_128.bin,0x8044536,blx r0,
chargehr_18_32.bin,0x80024e6,blx r4,
chargehr_18_32.bin,0x8002b10,blx r3,
chargehr_18_32.bin,0x8002b1e,blx r1,
chargehr_18_32.bin,0x8002b72,blx r12,
chargehr_18_32.bin,0x8002b96,blx r3,
chargehr_18_32.bin,0x8002ca6,blx r3,
chargehr_18_32.bin,0x8002cd8,blx r1,
chargehr_18_32.bin,0x8002d2c,blx r12,
chargehr_18_32.bin,0x8002d94,blx r3,
chargehr_18_32.bin,0x8002dec,blx r12,
chargehr_18_32.bin,0x800300e,blx r6,
chargehr_18_32.bin,0x8003470,blx r0,
chargehr_18_32.bin,0x8007d5a,blx r1,
chargehr_18_32.bin,0x8007f84,blx r0,
chargehr_18_32.bin,0x8008bfc,blx r1,
chargehr_18_32.bin,0x8008c7e,blx r0,
chargehr_18_32.bin,0x800db1c,blx r2,
chargehr_18_32.bin,0x800deb8,blx r0,
chargehr_18_32.bin,0x800df2c,blx r1,
chargehr_18_32.bin,0x800e07e,blx r2,
chargehr_18_32.bin,0x800e0a0,blx r2,
chargehr_18_32.bin,0x800e2c6,blx r1,
chargehr_18_32.bin,0x800e4f8,blx r2,
chargehr_18_32.bin,0x800e51a,blx r2,
chargehr_18_32.bin,0x800e6a0,blx r1,
chargehr_18_32.bin,0x800e6d4,blx r0,
chargehr_18_32.bin,0x800e924,blx r2,
chargehr_18_32.bin,0x8011712,blx r3,
chargehr_18_32.bin,0x8011720,blx r1,
chargehr_18_32.bin,0x8011774,blx r12,
chargehr_18_32.bin,0x8011798,blx r3,
chargehr_18_32.bin,0x80118a8,blx r3,
chargehr_18_32.bin,0x80118da,blx r1,
chargehr_18_32.bin,0x801192e,blx r12,
chargehr_18_32.bin,0x8011996,blx r3,
chargehr_18_32.bin,0x80119ee,blx r12,
chargehr_18_32.bin,0x801223e,blx r4,
chargehr_18_32.bin,0x8012290,blx r4,
chargehr_18_32.bin,0x801338c,blx r6,
chargehr_18_32.bin,0x8013424,blx r6,
chargehr_18_32.bin,0x8019258,blx r4,
chargehr_18_32.bin,0x80192b2,blx r4,
chargehr_18_32.bin,0x8019310,blx r4,
chargehr_18_32.bin,0x8019636,blx r4,
chargehr_18_32.bin,0x801981e,blx r4,
chargehr_18_32.bin,0x801989a,blx r2,
chargehr_18_32.bin,0x801a4c6,blx r2,
chargehr_18_32.bin,0x801deec,blx r3,
chargehr_18_32.bin,0x801df06,blx r3,
chargehr_18_32.bin,0x801df24,blx r3,
chargehr_18_32.bin,0x801df42,blx r3,
chargehr_18_32.bin,0x801df60,blx r3,
chargehr_18_32.bin,0x8027a5e,blx r9,
chargehr_18_32.bin,0x8027d40,blx r9,
chargehr_18_32.bin,0x8027d66,blx r9,
chargehr_18_32.bin,0x8027d94,blx r9,
chargehr_18_32.bin,0x8027db8,blx r9,
chargehr_18_32.bin,0x8027dec,blx r9,
chargehr_18_32.bin,0x802d540,blx r1,
chargehr_18_32.bin,0x802d564,blx r1,
chargehr_18_32.bin,0x802d594,blx r1,
chargehr_18_32.bin,0x802d5ce,blx r1,
chargehr_18_32.bin,0x802e5c0,blx r4,
chargehr_18_32.bin,0x802e614,blx r4,
chargehr_18_32.bin,0x802e766,blx r1,
chargehr_18_32.bin,0x802e78e,blx r4,
chargehr_18_32.bin,0x802e7ca,blx r5,
chargehr_18_32.bin,0x802e7f6,blx r4,
chargehr_18_32.bin,0x802e8ce,blx r4,
chargehr_18_32.bin,0x802e952,blx r2,
chargehr_18_32.bin,0x802ea28,blx r2,
chargehr_18_32.bin,0x802ec1a,blx r4,
chargehr_18_32.bin,0x802ec80,blx r2,
chargehr_18_32.bin,0x802fa08,blx r2,
chargehr_18_32.bin,0x80327c2,blx r1,
chargehr_18_32.bin,0x8032812,blx r1,
chargehr_18_32.bin,0x803282a,blx r5,
chargehr_18_32.bin,0x803285e,blx r1,
chargehr_18_32.bin,0x80350c0,blx r0,
chargehr_18_32.bin,0x803587a,blx r4,
chargehr_18_32.bin,0x803589a,blx r4,
chargehr_18_32.bin,0x80358de,blx r4,
chargehr_18_32.bin,0x80358fa,blx r4,
chargehr_18_32.bin,0x803596a,blx r4,
chargehr_18_32.bin,0x803598a,blx r4,
chargehr_18_32.bin,0x80359ce,blx r4,
chargehr_18_32.bin,0x80359e6,blx r4,
chargehr_18_32.bin,0x8035a76,blx r8,
chargehr_18_32.bin,0x8035abe,blx r8,
chargehr_18_32.bin,0x8035b0e,blx r8,
chargehr_18_32.bin,0x8035b42,blx r8,
chargehr_18_32.bin,0x8035b8e,blx r8,
chargehr_18_32.bin,0x8035bc2,blx r8,
chargehr_18_32.bin,0x8035be8,blx r8,
chargehr_18_32.bin,0x8035c66,blx r8,
chargehr_18_32.bin,0x8035c78,blx r8,
chargehr_18_32.bin,0x8039cc6,blx r1,
chargehr_18_32.bin,0x803a15c,blx r1,
chargehr_18_32.bin,0x803aab8,blx r0,
chargehr_18_32.bin,0x803afca,blx r1,
chargehr_18_32.bin,0x803afdc,blx r1,
chargehr_18_32.bin,0x803b03e,blx r1,
chargehr_18_32.bin,0x803b050,blx r1,
chargehr_18_32.bin,0x803b0bc,blx r1,
chargehr_18_32.bin,0x803b228,blx r1,
chargehr_18_32.bin,0x803b236,blx r1,
chargehr_18_32.bin,0x803b2a2,blx r1,
chargehr_18_32.bin,0x803b2b0,blx r1,
chargehr_18_32.bin,0x803e168,blx r1,
chargehr_18_32.bin,0x803ff4e,blx r0,
flex_7_64_flash.bin,0x8002104,blx r4,
flex_7_64_flash.bin,0x8002734,blx r3,
flex_7_64_flash.bin,0x8002742,blx r1,
flex_7_64_flash.bin,0x8002796,blx r12,
flex_7_64_flash.bin,0x80027ba,blx r3,
flex_7_64_flash.bin,0x80028ca,blx r3,
flex_7_64_flash.bin,0x80028fc,blx r1,
flex_7_64_flash.bin,0x8002950,blx r12,
flex_7_64_flash.bin,0x80029b8,blx r3,
flex_7_64_flash.bin,0x8002a10,blx r12,
flex_7_64_flash.bin,0x8002c1a,blx r6,
flex_7_64_flash.bin,0x800307c,blx r0,
flex_7_64_flash.bin,0x80074ee,blx r0,
flex_7_64_flash.bin,0x800796c,blx r2,
flex_7_64_flash.bin,0x8007976,blx r2,
flex_7_64_flash.bin,0x80082bc,blx r0,
flex_7_64_flash.bin,0x8008ae0,blx r1,
flex_7_64_flash.bin,0x8008b82,blx r0,
flex_7_64_flash.bin,0x800e7a2,blx r3,
flex_7_64_flash.bin,0x800e7b0,blx r1,
flex_7_64_flash.bin,0x800e804,blx r12,
flex_7_64_flash.bin,0x800e828,blx r3,
flex_7_64_flash.bin,0x800e938,blx r3,
flex_7_64_flash.bin,0x800e96a,blx r1,
flex_7_64_flash.bin,0x800e9be,blx r12,
flex_7_64_flash.bin,0x800ea26,blx r3,
flex_7_64_flash.bin,0x800ea7e,blx r12,
flex_7_64_flash.bin,0x800f67e,blx r4,
flex_7_64_flash.bin,0x800f6ce,blx r4,
flex_7_64_flash.bin,0x800fda0,blx r6,
flex_7_64_flash.bin,0x800fe38,blx r6,
flex_7_64_flash.bin,0x8010d84,blx r0,
flex_7_64_flash.bin,0x801a7d6,blx r0,
flex_7_64_flash.bin,0x801e1e4,blx r2,
flex_7_64_flash.bin,0x801e1ee,blx r2,
flex_7_64_flash.bin,0x80223b6,blx r2,
flex_7_64_flash.bin,0x8022712,blx r4,
flex_7_64_flash.bin,0x8022732,blx r4,
flex_7_64_flash.bin,0x8022776,blx r4,
flex_7_64_flash.bin,0x8022792,blx r4,
flex_7_64_flash.bin,0x8022802,blx r4,
flex_7_64_flash.bin,0x8022822,blx r4,
flex_7_64_flash.bin,0x8022866,blx r4,
flex_7_64_flash.bin,0x802287e,blx r4,
flex_7_64_flash.bin,0x802290e,blx r8,
flex_7_64_flash.bin,0x8022956,blx r8,
flex_7_64_flash.bin,0x80229a6,blx r8,
flex_7_64_flash.bin,0x80229da,blx r8,
flex_7_64_flash.bin,0x8022a26,blx r8,
flex_7_64_flash.bin,0x8022a5a,blx r8,
flex_7_64_flash.bin,0x8022a80,blx r8,
flex_7_64_flash.bin,0x8022afe,blx r8,
flex_7_64_flash.bin,0x8022b10,blx r8,
flex_7_64_flash.bin,0x8022bde,blx r9,
flex_7_64_flash.bin,0x8022ec0,blx r9,
flex_7_64_flash.bin,0x8022ee6,blx r9,
flex_7_64_flash.bin,0x8022f14,blx r9,
flex_7_64_flash.bin,0x8022f38,blx r9,
flex_7_64_flash.bin,0x8022f6c,blx r9,
flex_7_64_flash.bin,0x80263ac,blx r0,
flex_7_64_flash.bin,0x8026f90,blx r1,
flex_7_64_flash.bin,0x80278a6,blx r0,
flex_7_81_flash.bin,0x8002134,blx r4,
flex_7_81_flash.bin,0x8002764,blx r3,
flex_7_81_flash.bin,0x8002772,blx r1,
flex_7_81_flash.bin,0x80027c6,blx r12,
flex_7_81_flash.bin,0x80027ea,blx r3,
flex_7_81_flash.bin,0x80028fa,blx r3,
flex_7_81_flash.bin,0x800292c,blx r1,
flex_7_81_flash.bin,0x8002980,blx r12,
flex_7_81_flash.bin,0x80029e8,blx r3,
flex_7_81_flash.bin,0x8002a40,blx r12,
flex_7_81_flash.bin,0x8002c4a,blx r6,
flex_7_81_flash.bin,0x80030c8,blx r0,
flex_7_81_flash.bin,0x800753a,blx r0,
flex_7_81_flash.bin,0x80079d0,blx r2,
flex_7_81_flash.bin,0x80079da,blx r2,
flex_7_81_flash.bin,0x8008320,blx r0,
flex_7_81_flash.bin,0x8008b44,blx r1,
flex_7_81_flash.bin,0x8008be6,blx r0,
flex_7_81_flash.bin,0x800e7c2,blx r3,
flex_7_81_flash.bin,0x800e7d0,blx r1,
flex_7_81_flash.bin,0x800e824,blx r12,
flex_7_81_flash.bin,0x800e848,blx r3,
flex_7_81_flash.bin,0x800e958,blx r3,
flex_7_81_flash.bin,0x800e98a,blx r1,
flex_7_81_flash.bin,0x800e9de,blx r12,
flex_7_81_flash.bin,0x800ea46,blx r3,
flex_7_81_flash.bin,0x800ea9e,blx r12,
flex_7_81_flash.bin,0x800f6de,blx r4,
flex_7_81_flash.bin,0x800f72e,blx r4,
flex_7_81_flash.bin,0x800fe00,blx r6,
flex_7_81_flash.bin,0x800fe98,blx r6,
flex_7_81_flash.bin,0x8010e12,blx r0,
flex_7_81_flash.bin,0x801c8b2,blx r0,
flex_7_81_flash.bin,0x801e364,blx r2,
flex_7_81_flash.bin,0x801e36e,blx r2,
flex_7_81_flash.bin,0x8022552,blx r2,
flex_7_81_flash.bin,0x80228ae,blx r4,
flex_7_81_flash.bin,0x80228ce,blx r4,
flex_7_81_flash.bin,0x8022912,blx r4,
flex_7_81_flash.bin,0x802292e,blx r4,
flex_7_81_flash.bin,0x802299e,blx r4,
flex_7_81_flash.bin,0x80229be,blx r4,
flex_7_81_flash.bin,0x8022a02,blx r4,
flex_7_81_flash.bin,0x8022a1a,blx r4,
flex_7_81_flash.bin,0x8022aaa,blx r8,
flex_7_81_flash.bin,0x8022af2,blx r8,
flex_7_81_flash.bin,0x8022b42,blx r8,
flex_7_81_flash.bin,0x8022b76,blx r8,
flex_7_81_flash.bin,0x8022bc2,blx r8,
flex_7_81_flash.bin,0x8022bf6,blx r8,
flex_7_81_flash.bin,0x8022c1c,blx r8,
flex_7_81_flash.bin,0x8022c9a,blx r8,
flex_7_81_flash.bin,0x8022cac,blx r8,
flex_7_81_flash.bin,0x8022d7a,blx r9,
flex_7_81_flash.bin,0x802305c,blx r9,
flex_7_81_flash.bin,0x8023082,blx r9,
flex_7_81_flash.bin,0x80230b0,blx r9,
flex_7_81_flash.bin,0x80230d4,blx r9,
flex_7_81_flash.bin,0x8023108,blx r9,
flex_7_81_flash.bin,0x80264c8,blx r0,
flex_7_81_flash.bin,0x80270ac,blx r1,
flex_7_81_flash.bin,0x80279ce,blx r0,
flex_7_88_flash.bin,0x8002104,blx r4,
flex_7_88_flash.bin,0x8002734,blx r3,
flex_7_88_flash.bin,0x8002742,blx r1,
flex_7_88_flash.bin,0x8002796,blx r12,
flex_7_88_flash.bin,0x80027ba,blx r3,
flex_7_88_flash.bin,0x80028ca,blx r3,
flex_7_88_flash.bin,0x80028fc,blx r1,
flex_7_88_flash.bin,0x8002950,blx r12,
flex_7_88_flash.bin,0x80029b8,blx r3,
flex_7_88_flash.bin,0x8002a10,blx r12,
flex_7_88_flash.bin,0x8002c1a,blx r6,
flex_7_88_flash.bin,0x800307c,blx r0,
flex_7_88_flash.bin,0x80074ee,blx r0,
flex_7_88_flash.bin,0x800796c,blx r2,
flex_7_88_flash.bin,0x8007976,blx r2,
flex_7_88_flash.bin,0x80082bc,blx r0,
flex_7_88_flash.bin,0x8008ae0,blx r1,
flex_7_88_flash.bin,0x8008b82,blx r0,
flex_7_88_flash.bin,0x800e7a2,blx r3,
flex_7_88_flash.bin,0x800e7b0,blx r1,
flex_7_88_flash.bin,0x800e804,blx r12,
flex_7_88_flash.bin,0x800e828,blx r3,
flex_7_88_flash.bin,0x800e938,blx r3,
flex_7_88_flash.bin,0x800e96a,blx r1,
flex_7_88_flash.bin,0x800e9be,blx r12,
flex_7_88_flash.bin,0x800ea26,blx r3,
flex_7_88_flash.bin,0x800ea7e,blx r12,
flex_7_88_flash.bin,0x800f67e,blx r4,
flex_7_88_flash.bin,0x800f6ce,blx r4,
flex_7_88_flash.bin,0x800fda0,blx r6,
flex_7_88_flash.bin,0x800fe38,blx r6,
flex_7_88_flash.bin,0x8010d84,blx r0,
flex_7_88_flash.bin,0x801a7d6,blx r0,
flex_7_88_flash.bin,0x801e1e4,blx r2,
flex_7_88_flash.bin,0x801e1ee,blx r2,
flex_7_88_flash.bin,0x80223b6,blx r2,
flex_7_88_flash.bin,0x8022712,blx r4,
flex_7_88_flash.bin,0x8022732,blx r4,
flex_7_88_flash.bin,0x8022776,blx r4,
flex_7_88_flash.bin,0x8022792,blx r4,
flex_7_88_flash.bin,0x8022802,blx r4,
flex_7_88_flash.bin,0x8022822,blx r4,
flex_7_88_flash.bin,0x8022866,blx r4,
flex_7_88_flash.bin,0x802287e,blx r4,
flex_7_88_flash.bin,0x802290e,blx r8,
flex_7_88_flash.bin,0x8022956,blx r8,
flex_7_88_flash.bin,0x80229a6,blx r8,
flex_7_88_flash.bin,0x80229da,blx r8,
flex_7_88_flash.bin,0x8022a26,blx r8,
flex_7_88_flash.bin,0x8022a5a,blx r8,
flex_7_88_flash.bin,0x8022a80,blx r8,
flex_7_88_flash.bin,0x8022afe,blx r8,
flex_7_88_flash.bin,0x8022b10,blx r8,
flex_7_88_flash.bin,0x8022bde,blx r9,
flex_7_88_flash.bin,0x8022ec0,blx r9,
flex_7_88_flash.bin,0x8022ee6,blx r9,
flex_7_88_flash.bin,0x8022f14,blx r9,
flex_7_88_flash.bin,0x8022f38,blx r9,
flex_7_88_flash.bin,0x8022f6c,blx r9,
flex_7_88_flash.bin,0x80263ac,blx r0,
flex_7_88_flash.bin,0x8026f90,blx r1,
flex_7_88_flash.bin,0x80278a6,blx r0,
switchmate_bright_1_46.bin,0x1f280,blx r3,
switchmate_bright_1_46.bin,0x1f288,blx r3,
switchmate_bright_1_46.bin,0x1f2e6,blx r3,
switchmate_bright_1_46.bin,0x1f30c,blx r3,
switchmate_bright_1_46.bin,0x1f336,blx r3,
switchmate_bright_1_46.bin,0x1f354,blx r3,
switchmate_bright_1_46.bin,0x1f4ac,blx r2,
switchmate_bright_1_46.bin,0x1f4be,blx r2,
switchmate_bright_1_46.bin,0x1f4c6,blx r2,
switchmate_bright_1_46.bin,0x1f978,blx r4,
switchmate_bright_1_46.bin,0x1f99a,blx r4,
switchmate_bright_1_46.bin,0x1f9ba,blx r4,
switchmate_bright_1_46.bin,0x1f9de,blx r4,
switchmate_bright_1_46.bin,0x1fa7a,blx r3,
switchmate_bright_1_46.bin,0x1fd7e,blx r3,
switchmate_bright_1_46.bin,0x20b3c,blx r3,
switchmate_bright_1_46.bin,0x20b6e,blx r3,
switchmate_bright_1_46.bin,0x20b98,blx r3,
switchmate_bright_1_46.bin,0x20ff8,blx r2,
switchmate_bright_1_46.bin,0x211e2,blx r9,
switchmate_bright_1_46.bin,0x211fc,blx r9,
switchmate_bright_1_46.bin,0x21214,blx r9,
switchmate_bright_1_46.bin,0x21228,blx r9,
switchmate_bright_1_46.bin,0x214f6,blx r2,
switchmate_bright_1_46.bin,0x21548,blx r3,
switchmate_bright_1_46.bin,0x215ac,blx r3,
switchmate_bright_1_46.bin,0x215e4,blx r3,
switchmate_bright_1_46.bin,0x2160e,blx r3,
switchmate_bright_1_46.bin,0x2167a,blx r3,
switchmate_bright_1_46.bin,0x216b2,blx r3,
switchmate_bright_1_46.bin,0x216f8,blx r3,
switchmate_bright_1_46.bin,0x21724,blx r3,
switchmate_bright_1_46.bin,0x2174a,blx r2,
switchmate_bright_1_46.bin,0x29502,blx r3,
switchmate_bright_1_46.bin,0x2952a,blx r3,
switchmate_bright_1_46.bin,0x29564,blx r3,
switchmate_bright_1_46.bin,0x29586,blx r3,
switchmate_bright_1_46.bin,0x295b0,blx r3,
switchmate_bright_1_46.bin,0x2980a,blx r3,
switchmate_bright_1_46.bin,0x298ec,blx r3,
switchmate_bright_1_46.bin,0x29922,blx r2,
switchmate_bright_1_46.bin,0x29dee,blx r3,
switchmate_bright_1_46.bin,0x29df8,blx r3,
switchmate_bright_1_46.bin,0x29f0c,blx r3,
switchmate_bright_1_46.bin,0x2a09c,blx r3,
switchmate_bright_1_46.bin,0x2a35a,blx r3,
switchmate_bright_1_46.bin,0x2a3de,blx r3,
switchmate_bright_1_46.bin,0x2a616,blx r3,
switchmate_bright_1_46.bin,0x2a688,blx r3,
switchmate_bright_1_46.bin,0x2a762,blx r3,
switchmate_bright_1_46.bin,0x2a9de,blx r3,
switchmate_bright_1_46.bin,0x2aa8c,blx r3,
switchmate_bright_1_46.bin,0x2ad3c,blx r3,
switchmate_bright_1_46.bin,0x2ae7e,blx r3,
switchmate_bright_1_46.bin,0x2aeea,blx r3,
switchmate_bright_1_46.bin,0x2af78,blx r3,
switchmate_bright_1_46.bin,0x2b114,blx r3,
switchmate_bright_1_46.bin,0x2b1c8,blx r3,
switchmate_bright_1_46.bin,0x2b394,blx r3,
switchmate_bright_1_46.bin,0x2b7d6,blx r3,
switchmate_bright_1_46.bin,0x2bac0,blx r3,
switchmate_bright_1_46.bin,0x2bb90,blx r3,
switchmate_bright_1_46.bin,0x2bc26,blx r3,
switchmate_bright_1_46.bin,0x2c582,blx r3,
switchmate_bright_1_46.bin,0x2cf08,blx r3,
switchmate_bright_1_46.bin,0x2d15a,blx r3,
switchmate_bright_1_46.bin,0x2d69c,blx r3,
switchmate_bright_1_46.bin,0x2d712,blx r3,
switchmate_bright_1_46.bin,0x2d756,blx r3,
switchmate_bright_1_46.bin,0x2dcfc,blx r3,
switchmate_bright_1_46.bin,0x2fc1c,blx r3,
switchmate_bright_1_46.bin,0x2fc66,blx r3,
switchmate_bright_1_46.bin,0x2fdd0,blx r3,
switchmate_bright_1_46.bin,0x2fdf2,blx r3,
switchmate_bright_1_46.bin,0x2fe10,blx r3,
switchmate_bright_1_46.bin,0x2fe32,blx r3,
switchmate_bright_1_46.bin,0x2fe52,blx r3,
switchmate_bright_1_46.bin,0x2fed2,blx r3,
switchmate_bright_1_46.bin,0x2ff5a,blx r3,
switchmate_bright_1_46.bin,0x326d0,blx r8,
switchmate_bright_1_46.bin,0x3271c,blx r8,
switchmate_bright_1_46.bin,0x3275a,blx r8,
switchmate_bright_1_46.bin,0x32964,blx r8,
switchmate_bright_1_46.bin,0x32980,blx r8,
switchmate_bright_2_9_11.bin,0x1f280,blx r3,
switchmate_bright_2_9_11.bin,0x1f288,blx r3,
switchmate_bright_2_9_11.bin,0x1f2e6,blx r3,
switchmate_bright_2_9_11.bin,0x1f30e,blx r3,
switchmate_bright_2_9_11.bin,0x1f32c,blx r3,
switchmate_bright_2_9_11.bin,0x1f7c4,blx r4,
switchmate_bright_2_9_11.bin,0x1f7e6,blx r4,
switchmate_bright_2_9_11.bin,0x1f806,blx r4,
switchmate_bright_2_9_11.bin,0x1f82a,blx r4,
switchmate_bright_2_9_11.bin,0x1f8c6,blx r3,
switchmate_bright_2_9_11.bin,0x1fbf2,blx r3,
switchmate_bright_2_9_11.bin,0x209c8,blx r3,
switchmate_bright_2_9_11.bin,0x209fa,blx r3,
switchmate_bright_2_9_11.bin,0x20a24,blx r3,
switchmate_bright_2_9_11.bin,0x20e80,blx r2,
switchmate_bright_2_9_11.bin,0x2106a,blx r9,
switchmate_bright_2_9_11.bin,0x21084,blx r9,
switchmate_bright_2_9_11.bin,0x2109c,blx r9,
switchmate_bright_2_9_11.bin,0x210b0,blx r9,
switchmate_bright_2_9_11.bin,0x2137e,blx r2,
switchmate_bright_2_9_11.bin,0x213d0,blx r3,
switchmate_bright_2_9_11.bin,0x21434,blx r3,
switchmate_bright_2_9_11.bin,0x2146c,blx r3,
switchmate_bright_2_9_11.bin,0x21496,blx r3,
switchmate_bright_2_9_11.bin,0x21502,blx r3,
switchmate_bright_2_9_11.bin,0x2153a,blx r3,
switchmate_bright_2_9_11.bin,0x21580,blx r3,
switchmate_bright_2_9_11.bin,0x215ac,blx r3,
switchmate_bright_2_9_11.bin,0x215d2,blx r2,
switchmate_bright_2_9_11.bin,0x299ee,blx r3,
switchmate_bright_2_9_11.bin,0x29a16,blx r3,
switchmate_bright_2_9_11.bin,0x29a50,blx r3,
switchmate_bright_2_9_11.bin,0x29a72,blx r3,
switchmate_bright_2_9_11.bin,0x29a9c,blx r3,
switchmate_bright_2_9_11.bin,0x29cf6,blx r3,
switchmate_bright_2_9_11.bin,0x29dd8,blx r3,
switchmate_bright_2_9_11.bin,0x29e0e,blx r2,
switchmate_bright_2_9_11.bin,0x2a2de,blx r3,
switchmate_bright_2_9_11.bin,0x2a2e8,blx r3,
switchmate_bright_2_9_11.bin,0x2a400,blx r3,
switchmate_bright_2_9_11.bin,0x2a598,blx r3,
switchmate_bright_2_9_11.bin,0x2a856,blx r3,
switchmate_bright_2_9_11.bin,0x2a8da,blx r3,
switchmate_bright_2_9_11.bin,0x2ab12,blx r3,
switchmate_bright_2_9_11.bin,0x2ab84,blx r3,
switchmate_bright_2_9_11.bin,0x2ac5e,blx r3,
switchmate_bright_2_9_11.bin,0x2aeda,blx r3,
switchmate_bright_2_9_11.bin,0x2af88,blx r3,
switchmate_bright_2_9_11.bin,0x2b240,blx r3,
switchmate_bright_2_9_11.bin,0x2b382,blx r3,
switchmate_bright_2_9_11.bin,0x2b3ee,blx r3,
switchmate_bright_2_9_11.bin,0x2b47c,blx r3,
switchmate_bright_2_9_11.bin,0x2b618,blx r3,
switchmate_bright_2_9_11.bin,0x2b6cc,blx r3,
switchmate_bright_2_9_11.bin,0x2b898,blx r3,
switchmate_bright_2_9_11.bin,0x2bcda,blx r3,
switchmate_bright_2_9_11.bin,0x2bfc4,blx r3,
switchmate_bright_2_9_11.bin,0x2c094,blx r3,
switchmate_bright_2_9_11.bin,0x2c12a,blx r3,
switchmate_bright_2_9_11.bin,0x2ca86,blx r3,
switchmate_bright_2_9_11.bin,0x2d40c,blx r3,
switchmate_bright_2_9_11.bin,0x2d65e,blx r3,
switchmate_bright_2_9_11.bin,0x2dba0,blx r3,
switchmate_bright_2_9_11.bin,0x2dc16,blx r3,
switchmate_bright_2_9_11.bin,0x2dc5a,blx r3,
switchmate_bright_2_9_11.bin,0x2e200,blx r3,
switchmate_bright_2_9_11.bin,0x30120,blx r3,
switchmate_bright_2_9_11.bin,0x3016a,blx r3,
switchmate_bright_2_9_11.bin,0x302d4,blx r3,
switchmate_bright_2_9_11.bin,0x302f6,blx r3,
switchmate_bright_2_9_11.bin,0x30314,blx r3,
switchmate_bright_2_9_11.bin,0x30336,blx r3,
switchmate_bright_2_9_11.bin,0x30356,blx r3,
switchmate_bright_2_9_11.bin,0x303d6,blx r3,
switchmate_bright_2_9_11.bin,0x3045e,blx r3,
switchmate_bright_2_9_11.bin,0x32cb0,blx r8,
switchmate_bright_2_9_11.bin,0x32cfc,blx r8,
switchmate_bright_2_9_11.bin,0x32d3a,blx r8,
switchmate_bright_2_9_11.bin,0x32f44,blx r8,
switchmate_bright_2_9_11.bin,0x32f60,blx r8,
switchmate_light_2_21.bin,0x1816c,blx r0,
switchmate_light_2_21.bin,0x18348,blx r3,
switchmate_light_2_21.bin,0x1859a,blx r2,
switchmate_light_2_21.bin,0x18776,blx r0,
switchmate_light_2_21.bin,0x18830,blx r1,
switchmate_light_2_21.bin,0x18868,blx r1,
switchmate_light_2_21.bin,0x188fa,blx r1,
switchmate_light_2_21.bin,0x18ea2,blx r5,
switchmate_light_2_21.bin,0x18ffc,blx r2,
switchmate_light_2_21.bin,0x190aa,blx r1,
switchmate_light_2_21.bin,0x19630,blx r1,
switchmate_light_2_21.bin,0x19742,blx r1,
switchmate_light_2_21.bin,0x19764,blx r2,
switchmate_light_2_21.bin,0x19968,blx r0,
switchmate_light_2_21.bin,0x19e64,blx r1,
switchmate_light_2_21.bin,0x1a78e,blx r1,
switchmate_light_2_21.bin,0x1a7b8,blx r1,
switchmate_light_2_21.bin,0x1af00,blx r1,
switchmate_light_2_21.bin,0x1af5c,blx r2,
switchmate_light_2_21.bin,0x1b288,blx r5,
switchmate_light_2_21.bin,0x1bf34,blx r3,
switchmate_light_2_21.bin,0x1bf48,blx r1,
switchmate_light_2_21.bin,0x1c0c2,blx r1,
switchmate_light_2_21.bin,0x1c0de,blx r1,
switchmate_light_2_21.bin,0x1c0ea,blx r1,
switchmate_light_2_99_16.bin,0x1b108,blx r3,
switchmate_light_2_99_16.bin,0x1b148,blx r3,
switchmate_light_2_99_16.bin,0x1b150,blx r3,
switchmate_light_2_99_16.bin,0x1b1b2,blx r3,
switchmate_light_2_99_16.bin,0x1b1da,blx r3,
switchmate_light_2_99_16.bin,0x1b1f8,blx r3,
switchmate_light_2_99_16.bin,0x1b27c,blx r3,
switchmate_light_2_99_16.bin,0x1b56e,blx r3,
switchmate_light_2_99_16.bin,0x1b6d4,blx r2,
switchmate_light_2_99_16.bin,0x1b6ea,blx r2,
switchmate_light_2_99_16.bin,0x1bde0,blx r3,
switchmate_light_2_99_16.bin,0x1bfd0,blx r3,
switchmate_light_2_99_16.bin,0x1c36c,blx r3,
switchmate_light_2_99_16.bin,0x1d53e,blx r3,
switchmate_light_2_99_16.bin,0x1d604,blx r7,
switchmate_light_2_99_16.bin,0x1d700,blx r5,
switchmate_light_2_99_16.bin,0x1dbf2,blx r3,
switchmate_light_2_99_16.bin,0x1dc18,blx r3,
switchmate_light_2_99_16.bin,0x1e4aa,blx r3,
switchmate_light_2_99_16.bin,0x1e968,blx r3,
switchmate_light_2_99_16.bin,0x1eeb4,blx r3,
switchmate_light_2_99_16.bin,0x1f36c,blx r3,
switchmate_light_2_99_16.bin,0x1fae0,blx r3,
switchmate_light_2_99_16.bin,0x1fb10,blx r3,
switchmate_light_2_99_16.bin,0x1fb6a,blx r3,
switchmate_light_2_99_16.bin,0x1fbaa,blx r3,
switchmate_light_2_99_16.bin,0x1fc72,blx r3,
switchmate_light_2_99_16.bin,0x1fca8,blx r3,
switchmate_light_2_99_16.bin,0x1fcf6,blx r2,
switchmate_light_2_99_16.bin,0x1fd10,blx r2,
switchmate_light_2_99_16.bin,0x1fe10,blx r3,
switchmate_light_2_99_16.bin,0x1ff24,blx r3,
switchmate_light_2_99_16.bin,0x2078a,blx r3,
switchmate_light_2_99_16.bin,0x20dba,blx r3,
switchmate_light_2_99_16.bin,0x20fe2,blx r2,
switchmate_light_2_99_16.bin,0x21a24,blx r3,
switchmate_light_2_99_16.bin,0x21aac,blx r2,
switchmate_light_2_99_16.bin,0x21b70,blx r3,
switchmate_light_2_99_16.bin,0x21c4e,blx r3,
switchmate_light_2_99_16.bin,0x21ca4,blx r3,
switchmate_light_2_99_16.bin,0x21d16,blx r3,
switchmate_light_2_99_16.bin,0x21f9c,blx r3,
switchmate_light_2_99_16.bin,0x21faa,blx r3,
switchmate_light_2_99_16.bin,0x21fe8,blx r3,
switchmate_light_2_99_16.bin,0x22130,blx r3,
switchmate_light_2_99_16.bin,0x22474,blx r2,
switchmate_light_2_99_16.bin,0x224e4,blx r3,
switchmate_light_2_99_16.bin,0x2258e,blx r3,
switchmate_light_2_99_16.bin,0x225a8,blx r3,
switchmate_light_2_99_16.bin,0x22b08,blx r3,
switchmate_light_2_99_16.bin,0x22b42,blx r3,
switchmate_light_2_99_16.bin,0x22c2e,blx r3,
switchmate_light_2_99_16.bin,0x22e18,blx r3,
switchmate_light_2_99_16.bin,0x22f66,blx r3,
